event,radius_arcsec,k,k_used,n_matched,frac_gal_matched,weight_matched,weight_topk,weight_total,frac_weight_matched_topk,frac_weight_matched_total,control
GW200308_173609,3.0,200,200,9,0.045,0.0007973115088246246,0.017171999996227677,0.29777197748631556,0.04643090548566137,0.0026775908047333495,true
GW200220_061928,3.0,200,200,16,0.08,0.005173898469541338,0.08551970071403917,3.1051843665252945,0.06049949223795606,0.0016662129712223617,true
GW200208_130117,3.0,200,200,0,0.0,0.0,22.894906536989634,107.00923063356746,0.0,0.0,true
GW200219_094415,3.0,200,200,174,0.87,0.7473551725740034,0.867284692199999,28.962053894505136,0.8617183945426544,0.025804633031077825,true
GW191230_180458,3.0,200,200,108,0.54,0.07470735229730024,0.14215075165747582,11.822058517050435,0.5255501742074069,0.006319318432534665,true
GW200308_173609,3.0,1000,1000,44,0.044,0.0025347218443259358,0.056446490024904435,0.29777197748631556,0.04490486198889613,0.008512291404057393,true
GW200220_061928,3.0,1000,1000,60,0.06,0.012194014961244585,0.21543247199848725,3.1051843665252945,0.05660249287456633,0.003926985815302717,true
GW200208_130117,3.0,1000,1000,0,0.0,0.0,65.11777519579688,107.00923063356746,0.0,0.0,true
GW200219_094415,3.0,1000,1000,444,0.444,1.357416884817232,2.5809111163214116,28.962053894505136,0.525944840267094,0.04686880598184267,true
GW191230_180458,3.0,1000,1000,149,0.149,0.09031801711282166,0.42152861407953995,11.822058517050435,0.21426307514151147,0.0076397876886296874,true
GW200308_173609,3.0,5000,5000,264,0.0528,0.00823784901304301,0.1632609487257954,0.29777197748631556,0.05045817188578802,0.027664957201762173,true
GW200220_061928,3.0,5000,5000,268,0.0536,0.034380105434774155,0.644469895457261,3.1051843665252945,0.05334633266365524,0.011071840308550032,true
GW200208_130117,3.0,5000,5000,2,0.0004,0.0029262860462860515,106.84455029185061,107.00923063356746,2.7388257410347763e-05,2.7346108639044008e-05,true
GW200219_094415,3.0,5000,5000,912,0.1824,1.9702934575074225,7.655148935334509,28.962053894505136,0.2573814662720636,0.06803017025948008,true
GW191230_180458,3.0,5000,5000,177,0.0354,0.09752473830493051,1.4227231336255173,11.822058517050435,0.06854793880831106,0.008249387208181627,true
GW200308_173609,3.0,20000,20000,1185,0.05925,0.018581714631100556,0.29777197748631556,0.29777197748631556,0.062402495990256504,0.062402495990256504,true
GW200220_061928,3.0,20000,20000,1583,0.07915,0.11690860730462682,1.6113936945266558,3.1051843665252945,0.07255123791394041,0.03764948985475143,true
GW200208_130117,3.0,20000,11255,181,0.016081741448245226,0.0029262860462860515,107.00923063356746,107.00923063356746,2.7346108639044008e-05,2.7346108639044008e-05,true
GW200219_094415,3.0,20000,20000,1506,0.0753,2.3437328157059287,16.73584011084747,28.962053894505136,0.14004273464508182,0.08092426125035962,true
GW191230_180458,3.0,20000,20000,253,0.01265,0.11062336562866006,4.047754875819917,11.822058517050435,0.027329561453805197,0.009357369147607656,true
GW200308_173609,10.0,200,200,9,0.045,0.0007973115088246246,0.017171999996227677,0.29777197748631556,0.04643090548566137,0.0026775908047333495,true
GW200220_061928,10.0,200,200,19,0.095,0.009796904764737564,0.08551970071403917,3.1051843665252945,0.11455728543176806,0.003155015486471843,true
GW200208_130117,10.0,200,200,0,0.0,0.0,22.894906536989634,107.00923063356746,0.0,0.0,true
GW200219_094415,10.0,200,200,176,0.88,0.7659880570655053,0.867284692199999,28.962053894505136,0.8832025561554194,0.0264479881107753,true
GW191230_180458,10.0,200,200,110,0.55,0.07648823299385737,0.14215075165747582,11.822058517050435,0.5380782873252912,0.0064699589232739595,true
GW200308_173609,10.0,1000,1000,49,0.049,0.002775971687380215,0.056446490024904435,0.29777197748631556,0.049178818490847605,0.009322474568674912,true
GW200220_061928,10.0,1000,1000,66,0.066,0.017282070151297117,0.21543247199848725,3.1051843665252945,0.08022035856980034,0.005565553639134083,true
GW200208_130117,10.0,1000,1000,0,0.0,0.0,65.11777519579688,107.00923063356746,0.0,0.0,true
GW200219_094415,10.0,1000,1000,453,0.453,1.3920345800204486,2.5809111163214116,28.962053894505136,0.5393578148497125,0.04806408361406144,true
GW191230_180458,10.0,1000,1000,153,0.153,0.09279412238033061,0.42152861407953995,11.822058517050435,0.22013718471510668,0.007849235583337515,true
GW200308_173609,10.0,5000,5000,285,0.057,0.008888078590605569,0.1632609487257954,0.29777197748631556,0.054440934344523025,0.029848606526495697,true
GW200220_061928,10.0,5000,5000,288,0.0576,0.04094786761554232,0.644469895457261,3.1051843665252945,0.0635372853009514,0.013186936034127673,true
GW200208_130117,10.0,5000,5000,2,0.0004,0.0029262860462860515,106.84455029185061,107.00923063356746,2.7388257410347763e-05,2.7346108639044008e-05,true
GW200219_094415,10.0,5000,5000,941,0.1882,2.0321219648135758,7.655148935334509,28.962053894505136,0.2654581879437696,0.07016498112377047,true
GW191230_180458,10.0,5000,5000,192,0.0384,0.10275071512868629,1.4227231336255173,11.822058517050435,0.07222116004176246,0.008691440241180794,true
GW200308_173609,10.0,20000,20000,1247,0.06235,0.019727340443386112,0.29777197748631556,0.29777197748631556,0.06624982179289421,0.06624982179289421,true
GW200220_061928,10.0,20000,20000,1664,0.0832,0.12725307576517106,1.6113936945266558,3.1051843665252945,0.07897081650338184,0.04098084388707889,true
GW200208_130117,10.0,20000,11255,183,0.01625944024877832,0.0029262860462860515,107.00923063356746,107.00923063356746,2.7346108639044008e-05,2.7346108639044008e-05,true
GW200219_094415,10.0,20000,20000,1588,0.0794,2.43773210478569,16.73584011084747,28.962053894505136,0.1456593806250368,0.08416986287178313,true
GW191230_180458,10.0,20000,20000,280,0.014,0.1179718558203288,4.047754875819917,11.822058517050435,0.02914500987326519,0.00997896057189898,true
GW200308_173609,30.0,200,200,12,0.06,0.0010762484652091257,0.017171999996227677,0.29777197748631556,0.0626746136411341,0.003614337636114822,true
GW200220_061928,30.0,200,200,26,0.13,0.012151609347000807,0.08551970071403917,3.1051843665252945,0.14209134556765307,0.003913329423527426,true
GW200208_130117,30.0,200,200,0,0.0,0.0,22.894906536989634,107.00923063356746,0.0,0.0,true
GW200219_094415,30.0,200,200,178,0.89,0.7734646734579095,0.867284692199999,28.962053894505136,0.8918232737348323,0.02670614025770652,true
GW191230_180458,30.0,200,200,112,0.56,0.07825515147076793,0.14215075165747582,11.822058517050435,0.5505081792274324,0.006619418382839501,true
GW200308_173609,30.0,1000,1000,63,0.063,0.0035662923271933002,0.056446490024904435,0.29777197748631556,0.06318005469640073,0.011976588117185046,true
GW200220_061928,30.0,1000,1000,89,0.089,0.022306586316533615,0.21543247199848725,3.1051843665252945,0.10354328718230671,0.007183659223910983,true
GW200208_130117,30.0,1000,1000,2,0.002,0.09571440025325398,65.11777519579688,107.00923063356746,0.0014698659462099068,0.0008944499431176134,true
GW200219_094415,30.0,1000,1000,475,0.475,1.4417324566418563,2.5809111163214116,28.962053894505136,0.5586137575697556,0.04978004881467992,true
GW191230_180458,30.0,1000,1000,164,0.164,0.09767498630215818,0.42152861407953995,11.822058517050435,0.2317161469938254,0.008262096331301849,true
GW200308_173609,30.0,5000,5000,369,0.0738,0.011533574301664306,0.1632609487257954,0.29777197748631556,0.07064502804669778,0.03873290696803175,true
GW200220_061928,30.0,5000,5000,389,0.0778,0.05399220582313241,0.644469895457261,3.1051843665252945,0.08377770040728456,0.01738776170754388,true
GW200208_130117,30.0,5000,5000,10,0.002,0.14852134872586384,106.84455029185061,107.00923063356746,0.0013900694824412778,0.0013879302546753807,true
GW200219_094415,30.0,5000,5000,1069,0.2138,2.2160395687211607,7.655148935334509,28.962053894505136,0.28948353421216955,0.07651527674083922,true
GW191230_180458,30.0,5000,5000,234,0.0468,0.11525251791826498,1.4227231336255173,11.822058517050435,0.08100839523468466,0.009748938203278332,true
GW200308_173609,30.0,20000,20000,1614,0.0807,0.02561865184006201,0.29777197748631556,0.29777197748631556,0.08603446186013035,0.08603446186013035,true
GW200220_061928,30.0,20000,20000,2114,0.1057,0.16261764750776997,1.6113936945266558,3.1051843665252945,0.10091739098900881,0.05236972376288862,true
GW200208_130117,30.0,20000,11255,209,0.018569524655708575,0.14882790666515336,107.00923063356746,107.00923063356746,0.0013907950350076426,0.0013907950350076426,true
GW200219_094415,30.0,20000,20000,2207,0.11035,2.918140216197745,16.73584011084747,28.962053894505136,0.17436472844326048,0.10075736433704356,true
GW191230_180458,30.0,20000,20000,460,0.023,0.15456935926854304,4.047754875819917,11.822058517050435,0.03818644261091361,0.013074656925916452,true
GW200308_173609,60.0,200,200,17,0.085,0.001638936422934139,0.017171999996227677,0.29777197748631556,0.09544237265864072,0.005503998182668005,true
GW200220_061928,60.0,200,200,32,0.16,0.016024396964313355,0.08551970071403917,3.1051843665252945,0.18737667263237678,0.005160529963070978,true
GW200208_130117,60.0,200,200,0,0.0,0.0,22.894906536989634,107.00923063356746,0.0,0.0,true
GW200219_094415,60.0,200,200,179,0.895,0.7770975907564838,0.867284692199999,28.962053894505136,0.8960121142980836,0.02683157740079752,true
GW191230_180458,60.0,200,200,114,0.57,0.07989331601261322,0.14215075165747582,11.822058517050435,0.5620323148562935,0.006757986851222789,true
GW200308_173609,60.0,1000,1000,91,0.091,0.005256275154300946,0.056446490024904435,0.29777197748631556,0.09311961030671445,0.017652014130653055,true
GW200220_061928,60.0,1000,1000,120,0.12,0.03021794135830479,0.21543247199848725,3.1051843665252945,0.14026641888283664,0.009731448375195418,true
GW200208_130117,60.0,1000,1000,5,0.005,0.2541086549295398,65.11777519579688,107.00923063356746,0.003902293255036478,0.002374642387624354,true
GW200219_094415,60.0,1000,1000,527,0.527,1.5502888209034769,2.5809111163214116,28.962053894505136,0.6006750139900645,0.05352827622482974,true
GW191230_180458,60.0,1000,1000,184,0.184,0.1056622154216801,0.42152861407953995,11.822058517050435,0.25066439594476086,0.008937717172460967,true
GW200308_173609,60.0,5000,5000,615,0.123,0.01894651464127665,0.1632609487257954,0.29777197748631556,0.11605049945592458,0.06362759451448838,true
GW200220_061928,60.0,5000,5000,584,0.1168,0.07942955291648866,0.644469895457261,3.1051843665252945,0.12324788710282925,0.0255796576115609,true
GW200208_130117,60.0,5000,5000,25,0.005,0.47735743653934265,106.84455029185061,107.00923063356746,0.0044677752420261,0.004460899622519121,true
GW200219_094415,60.0,5000,5000,1392,0.2784,2.6734627181107533,7.655148935334509,28.962053894505136,0.3492371919467992,0.09230915486342561,true
GW191230_180458,60.0,5000,5000,337,0.0674,0.14418903947878542,1.4227231336255173,11.822058517050435,0.1013472235538543,0.012196610198708449,true
GW200308_173609,60.0,20000,20000,2585,0.12925,0.041388708465265565,0.29777197748631556,0.29777197748631556,0.13899463883288893,0.13899463883288893,true
GW200220_061928,60.0,20000,20000,3076,0.1538,0.23575527400524443,1.6113936945266558,3.1051843665252945,0.14630519829264763,0.075923116368467,true
GW200208_130117,60.0,20000,11255,256,0.02274544646823634,0.4785500265280104,107.00923063356746,107.00923063356746,0.004472044361917833,0.004472044361917833,true
GW200219_094415,60.0,20000,20000,3737,0.18685,4.097118793725418,16.73584011084747,28.962053894505136,0.24481106216292287,0.14146506351549706,true
GW191230_180458,60.0,20000,20000,890,0.0445,0.240952456488611,4.047754875819917,11.822058517050435,0.05952743283146646,0.020381599037180866,true
GW200308_173609,3.0,200,200,0,0.0,0.0,0.017171999996227677,0.29777197748631556,0.0,0.0,shift_ra
GW200220_061928,3.0,200,200,0,0.0,0.0,0.08551970071403917,3.1051843665252945,0.0,0.0,shift_ra
GW200208_130117,3.0,200,200,0,0.0,0.0,22.894906536989634,107.00923063356746,0.0,0.0,shift_ra
GW200219_094415,3.0,200,200,0,0.0,0.0,0.867284692199999,28.962053894505136,0.0,0.0,shift_ra
GW191230_180458,3.0,200,200,0,0.0,0.0,0.14215075165747582,11.822058517050435,0.0,0.0,shift_ra
GW200308_173609,3.0,1000,1000,0,0.0,0.0,0.056446490024904435,0.29777197748631556,0.0,0.0,shift_ra
GW200220_061928,3.0,1000,1000,0,0.0,0.0,0.21543247199848725,3.1051843665252945,0.0,0.0,shift_ra
GW200208_130117,3.0,1000,1000,0,0.0,0.0,65.11777519579688,107.00923063356746,0.0,0.0,shift_ra
GW200219_094415,3.0,1000,1000,1,0.001,0.002059948609101687,2.5809111163214116,28.962053894505136,0.0007981478308473266,7.11257777713242e-05,shift_ra
GW191230_180458,3.0,1000,1000,0,0.0,0.0,0.42152861407953995,11.822058517050435,0.0,0.0,shift_ra
GW200308_173609,3.0,5000,5000,0,0.0,0.0,0.1632609487257954,0.29777197748631556,0.0,0.0,shift_ra
GW200220_061928,3.0,5000,5000,1,0.0002,9.232251858341971e-05,0.644469895457261,3.1051843665252945,0.00014325342306007252,2.973173495869707e-05,shift_ra
GW200208_130117,3.0,5000,5000,0,0.0,0.0,106.84455029185061,107.00923063356746,0.0,0.0,shift_ra
GW200219_094415,3.0,5000,5000,1,0.0002,0.002059948609101687,7.655148935334509,28.962053894505136,0.0002690932111840973,7.11257777713242e-05,shift_ra
GW191230_180458,3.0,5000,5000,0,0.0,0.0,1.4227231336255173,11.822058517050435,0.0,0.0,shift_ra
GW200308_173609,3.0,20000,20000,1,5e-05,1.68625512266742e-05,0.29777197748631556,0.29777197748631556,5.662907359188672e-05,5.662907359188672e-05,shift_ra
GW200220_061928,3.0,20000,20000,8,0.0004,0.0005748361057910112,1.6113936945266558,3.1051843665252945,0.0003567322546585168,0.0001851214092109621,shift_ra
GW200208_130117,3.0,20000,11255,0,0.0,0.0,107.00923063356746,107.00923063356746,0.0,0.0,shift_ra
GW200219_094415,3.0,20000,20000,4,0.0002,0.0034914669890922555,16.73584011084747,28.962053894505136,0.00020862215257596976,0.00012055315558109222,shift_ra
GW191230_180458,3.0,20000,20000,1,5e-05,0.00020700802470512917,4.047754875819917,11.822058517050435,5.114144286298893e-05,1.751031974732409e-05,shift_ra
GW200308_173609,10.0,200,200,0,0.0,0.0,0.017171999996227677,0.29777197748631556,0.0,0.0,shift_ra
GW200220_061928,10.0,200,200,2,0.01,0.000461983075931815,0.08551970071403917,3.1051843665252945,0.005402066097922797,0.00014877798591030994,shift_ra
GW200208_130117,10.0,200,200,0,0.0,0.0,22.894906536989634,107.00923063356746,0.0,0.0,shift_ra
GW200219_094415,10.0,200,200,0,0.0,0.0,0.867284692199999,28.962053894505136,0.0,0.0,shift_ra
GW191230_180458,10.0,200,200,0,0.0,0.0,0.14215075165747582,11.822058517050435,0.0,0.0,shift_ra
GW200308_173609,10.0,1000,1000,2,0.002,9.210550016661848e-05,0.056446490024904435,0.29777197748631556,0.0016317312223661938,0.00030931554051573336,shift_ra
GW200220_061928,10.0,1000,1000,2,0.002,0.000461983075931815,0.21543247199848725,3.1051843665252945,0.0021444449466980027,0.00014877798591030994,shift_ra
GW200208_130117,10.0,1000,1000,0,0.0,0.0,65.11777519579688,107.00923063356746,0.0,0.0,shift_ra
GW200219_094415,10.0,1000,1000,1,0.001,0.002059948609101687,2.5809111163214116,28.962053894505136,0.0007981478308473266,7.11257777713242e-05,shift_ra
GW191230_180458,10.0,1000,1000,1,0.001,0.0003147187671860039,0.42152861407953995,11.822058517050435,0.0007466130570358347,2.6621316984017537e-05,shift_ra
GW200308_173609,10.0,5000,5000,14,0.0028,0.0003863711096073507,0.1632609487257954,0.29777197748631556,0.002366586208293322,0.0012975401945776001,shift_ra
GW200220_061928,10.0,5000,5000,14,0.0028,0.0016780006341832014,0.644469895457261,3.1051843665252945,0.0026036912600745066,0.0005403867970844148,shift_ra
GW200208_130117,10.0,5000,5000,2,0.0004,0.025219122257671242,106.84455029185061,107.00923063356746,0.0002360356442025737,0.00023567240048691948,shift_ra
GW200219_094415,10.0,5000,5000,8,0.0016,0.01181976702651188,7.655148935334509,28.962053894505136,0.0015440283561243852,0.00040811218256707964,shift_ra
GW191230_180458,10.0,5000,5000,7,0.0014,0.0017624758621247356,1.4227231336255173,11.822058517050435,0.0012388045294754071,0.00014908366927661492,shift_ra
GW200308_173609,10.0,20000,20000,62,0.0031,0.0009694192850807715,0.29777197748631556,0.29777197748631556,0.0032555759385562806,0.0032555759385562806,shift_ra
GW200220_061928,10.0,20000,20000,68,0.0034,0.0049801112918905445,1.6113936945266558,3.1051843665252945,0.0030905614864984586,0.0016038053474626036,shift_ra
GW200208_130117,10.0,20000,11255,2,0.00017769880053309641,0.025219122257671242,107.00923063356746,107.00923063356746,0.00023567240048691948,0.00023567240048691948,shift_ra
GW200219_094415,10.0,20000,20000,59,0.00295,0.04087112072366597,16.73584011084747,28.962053894505136,0.0024421314049944244,0.0014111955206125867,shift_ra
GW191230_180458,10.0,20000,20000,16,0.0008,0.0034039104188163787,4.047754875819917,11.822058517050435,0.0008409378836525715,0.0002879287404902512,shift_ra
GW200308_173609,30.0,200,200,4,0.02,0.00036329596698319786,0.017171999996227677,0.29777197748631556,0.021156299036979166,0.001220047534526292,shift_ra
GW200220_061928,30.0,200,200,4,0.02,0.000915940204800838,0.08551970071403917,3.1051843665252945,0.010710283094459832,0.00029497127921772207,shift_ra
GW200208_130117,30.0,200,200,1,0.005,0.10775251174728505,22.894906536989634,107.00923063356746,0.004706396663956551,0.0010069459532539096,shift_ra
GW200219_094415,30.0,200,200,2,0.01,0.007464955293354057,0.867284692199999,28.962053894505136,0.008607272053214807,0.0002577495132266968,shift_ra
GW191230_180458,30.0,200,200,4,0.02,0.0025295233891745707,0.14215075165747582,11.822058517050435,0.01779465363130594,0.00021396640741765493,shift_ra
GW200308_173609,30.0,1000,1000,28,0.028,0.0015270020014500453,0.056446490024904435,0.29777197748631556,0.027052204676966195,0.005128091683913475,shift_ra
GW200220_061928,30.0,1000,1000,25,0.025,0.0043606844274778865,0.21543247199848725,3.1051843665252945,0.020241537345904413,0.0014043238380584463,shift_ra
GW200208_130117,30.0,1000,1000,3,0.003,0.207714101547402,65.11777519579688,107.00923063356746,0.0031898218408544336,0.0019410858326668941,shift_ra
GW200219_094415,30.0,1000,1000,35,0.035,0.07593164645268505,2.5809111163214116,28.962053894505136,0.0294204809970019,0.002621763177752089,shift_ra
GW191230_180458,30.0,1000,1000,10,0.01,0.004448311307437336,0.42152861407953995,11.822058517050435,0.010552809842223346,0.0003762721442312041,shift_ra
GW200308_173609,30.0,5000,5000,144,0.0288,0.004557667543381778,0.1632609487257954,0.29777197748631556,0.027916458767102963,0.015305898096442708,shift_ra
GW200220_061928,30.0,5000,5000,123,0.0246,0.01467964890795588,0.644469895457261,3.1051843665252945,0.022777865981684763,0.004727464515861397,shift_ra
GW200208_130117,30.0,5000,5000,15,0.003,0.3672739281763374,106.84455029185061,107.00923063356746,0.003437460564653157,0.003432170533343954,shift_ra
GW200219_094415,30.0,5000,5000,128,0.0256,0.19644374370742565,7.655148935334509,28.962053894505136,0.025661648828370128,0.00678279739492841,shift_ra
GW191230_180458,30.0,5000,5000,41,0.0082,0.012042810914626383,1.4227231336255173,11.822058517050435,0.008464620156936477,0.0010186729237769857,shift_ra
GW200308_173609,30.0,20000,20000,553,0.02765,0.009181309407355773,0.29777197748631556,0.29777197748631556,0.030833356062787035,0.030833356062787035,shift_ra
GW200220_061928,30.0,20000,20000,643,0.03215,0.047185056687221276,1.6113936945266558,3.1051843665252945,0.02928214057650375,0.015195573311487916,shift_ra
GW200208_130117,30.0,20000,11255,23,0.0020435362061306086,0.3679091784028563,107.00923063356746,107.00923063356746,0.003438106939229295,0.003438106939229295,shift_ra
GW200219_094415,30.0,20000,20000,564,0.0282,0.45163228366934177,16.73584011084747,28.962053894505136,0.026985934418470733,0.015593931470275605,shift_ra
GW191230_180458,30.0,20000,20000,131,0.00655,0.027819936824071568,4.047754875819917,11.822058517050435,0.006872930223680191,0.0023532227305378415,shift_ra
GW200308_173609,60.0,200,200,10,0.05,0.0009241919887330659,0.017171999996227677,0.29777197748631556,0.053819705854652414,0.003103690268422045,shift_ra
GW200220_061928,60.0,200,200,19,0.095,0.009865127361562632,0.08551970071403917,3.1051843665252945,0.11535502672711229,0.0031769860327493927,shift_ra
GW200208_130117,60.0,200,200,1,0.005,0.10775251174728505,22.894906536989634,107.00923063356746,0.004706396663956551,0.0010069459532539096,shift_ra
GW200219_094415,60.0,200,200,20,0.1,0.09168165036955861,0.867284692199999,28.962053894505136,0.10571113637091208,0.0031655783358290426,shift_ra
GW191230_180458,60.0,200,200,14,0.07,0.010313409476446376,0.14215075165747582,11.822058517050435,0.07255262006139372,0.0008723869418825664,shift_ra
GW200308_173609,60.0,1000,1000,76,0.076,0.004207318853313182,0.056446490024904435,0.29777197748631556,0.07453641229874337,0.01412933107013582,shift_ra
GW200220_061928,60.0,1000,1000,91,0.091,0.0215732550732011,0.21543247199848725,3.1051843665252945,0.10013929131979968,0.006947495712578768,shift_ra
GW200208_130117,60.0,1000,1000,10,0.01,0.547010149930275,65.11777519579688,107.00923063356746,0.008400320009175967,0.0051118034088424216,shift_ra
GW200219_094415,60.0,1000,1000,106,0.106,0.2748691592718525,2.5809111163214116,28.962053894505136,0.10650082350128555,0.009490665277851805,shift_ra
GW191230_180458,60.0,1000,1000,33,0.033,0.016734832579224788,0.42152861407953995,11.822058517050435,0.039700347782480605,0.0014155599513476333,shift_ra
GW200308_173609,60.0,5000,5000,485,0.097,0.014883599911142407,0.1632609487257954,0.29777197748631556,0.09116448254959075,0.049983212110099914,shift_ra
GW200220_061928,60.0,5000,5000,402,0.0804,0.05439714170713201,0.644469895457261,3.1051843665252945,0.08440602437843342,0.01751816809769736,shift_ra
GW200208_130117,60.0,5000,5000,38,0.0076,0.8484283953242132,106.84455029185061,107.00923063356746,0.007940773703541206,0.007928553362181373,shift_ra
GW200219_094415,60.0,5000,5000,476,0.0952,0.7532478817450465,7.655148935334509,28.962053894505136,0.09839754759939646,0.026008096127738977,shift_ra
GW191230_180458,60.0,5000,5000,160,0.032,0.0479452093096374,1.4227231336255173,11.822058517050435,0.03369960618230681,0.004055571983549915,shift_ra
GW200308_173609,60.0,20000,20000,1931,0.09655,0.031571959578448765,0.29777197748631556,0.29777197748631556,0.10602730265274773,0.10602730265274773,shift_ra
GW200220_061928,60.0,20000,20000,2164,0.1082,0.1647706393167804,1.6113936945266558,3.1051843665252945,0.10225349638418531,0.05306307770097367,shift_ra
GW200208_130117,60.0,20000,11255,78,0.00693025322079076,0.8504162151399414,107.00923063356746,107.00923063356746,0.007947129514948371,0.007947129514948371,shift_ra
GW200219_094415,60.0,20000,20000,2023,0.10115,1.6714072279927312,16.73584011084747,28.962053894505136,0.09986993284605983,0.05771024507035536,shift_ra
GW191230_180458,60.0,20000,20000,567,0.02835,0.1198208748255759,4.047754875819917,11.822058517050435,0.02960181100425575,0.01013536472119162,shift_ra
GW200308_173609,3.0,200,200,0,0.0,0.0,0.017171999996227677,0.29777197748631556,0.0,0.0,shift_dec
GW200220_061928,3.0,200,200,0,0.0,0.0,0.08551970071403917,3.1051843665252945,0.0,0.0,shift_dec
GW200208_130117,3.0,200,200,0,0.0,0.0,22.894906536989634,107.00923063356746,0.0,0.0,shift_dec
GW200219_094415,3.0,200,200,1,0.005,0.0031161510032667312,0.867284692199999,28.962053894505136,0.0035929966610642487,0.0001075942685079371,shift_dec
GW191230_180458,3.0,200,200,0,0.0,0.0,0.14215075165747582,11.822058517050435,0.0,0.0,shift_dec
GW200308_173609,3.0,1000,1000,0,0.0,0.0,0.056446490024904435,0.29777197748631556,0.0,0.0,shift_dec
GW200220_061928,3.0,1000,1000,0,0.0,0.0,0.21543247199848725,3.1051843665252945,0.0,0.0,shift_dec
GW200208_130117,3.0,1000,1000,0,0.0,0.0,65.11777519579688,107.00923063356746,0.0,0.0,shift_dec
GW200219_094415,3.0,1000,1000,2,0.002,0.005642997604443089,2.5809111163214116,28.962053894505136,0.0021864362429056014,0.00019484107118223801,shift_dec
GW191230_180458,3.0,1000,1000,0,0.0,0.0,0.42152861407953995,11.822058517050435,0.0,0.0,shift_dec
GW200308_173609,3.0,5000,5000,0,0.0,0.0,0.1632609487257954,0.29777197748631556,0.0,0.0,shift_dec
GW200220_061928,3.0,5000,5000,1,0.0002,9.420858425933681e-05,0.644469895457261,3.1051843665252945,0.00014617996111749242,3.0339127452440558e-05,shift_dec
GW200208_130117,3.0,5000,5000,0,0.0,0.0,106.84455029185061,107.00923063356746,0.0,0.0,shift_dec
GW200219_094415,3.0,5000,5000,2,0.0004,0.005642997604443089,7.655148935334509,28.962053894505136,0.0007371505965607323,0.00019484107118223801,shift_dec
GW191230_180458,3.0,5000,5000,0,0.0,0.0,1.4227231336255173,11.822058517050435,0.0,0.0,shift_dec
GW200308_173609,3.0,20000,20000,4,0.0002,4.4463930110200655e-05,0.29777197748631556,0.29777197748631556,0.00014932207686414698,0.00014932207686414698,shift_dec
GW200220_061928,3.0,20000,20000,3,0.00015,0.0002110969181099942,1.6113936945266558,3.1051843665252945,0.00013100269588184256,6.798208840211698e-05,shift_dec
GW200208_130117,3.0,20000,11255,0,0.0,0.0,107.00923063356746,107.00923063356746,0.0,0.0,shift_dec
GW200219_094415,3.0,20000,20000,7,0.00035,0.008674356664357017,16.73584011084747,28.962053894505136,0.0005183102017528635,0.000299507648730768,shift_dec
GW191230_180458,3.0,20000,20000,0,0.0,0.0,4.047754875819917,11.822058517050435,0.0,0.0,shift_dec
GW200308_173609,10.0,200,200,0,0.0,0.0,0.017171999996227677,0.29777197748631556,0.0,0.0,shift_dec
GW200220_061928,10.0,200,200,0,0.0,0.0,0.08551970071403917,3.1051843665252945,0.0,0.0,shift_dec
GW200208_130117,10.0,200,200,0,0.0,0.0,22.894906536989634,107.00923063356746,0.0,0.0,shift_dec
GW200219_094415,10.0,200,200,1,0.005,0.0031161510032667312,0.867284692199999,28.962053894505136,0.0035929966610642487,0.0001075942685079371,shift_dec
GW191230_180458,10.0,200,200,1,0.005,0.0005518911946093855,0.14215075165747582,11.822058517050435,0.0038824359925947747,4.668317229299932e-05,shift_dec
GW200308_173609,10.0,1000,1000,0,0.0,0.0,0.056446490024904435,0.29777197748631556,0.0,0.0,shift_dec
GW200220_061928,10.0,1000,1000,3,0.003,0.0005207824215428533,0.21543247199848725,3.1051843665252945,0.0024173812643551256,0.000167713848864185,shift_dec
GW200208_130117,10.0,1000,1000,0,0.0,0.0,65.11777519579688,107.00923063356746,0.0,0.0,shift_dec
GW200219_094415,10.0,1000,1000,5,0.005,0.012413746243638432,2.5809111163214116,28.962053894505136,0.0048098309798951236,0.00042862106012424924,shift_dec
GW191230_180458,10.0,1000,1000,1,0.001,0.0005518911946093855,0.42152861407953995,11.822058517050435,0.0013092615214616175,4.668317229299932e-05,shift_dec
GW200308_173609,10.0,5000,5000,12,0.0024,0.00029089595997712926,0.1632609487257954,0.29777197748631556,0.001781785309025142,0.0009769084466334569,shift_dec
GW200220_061928,10.0,5000,5000,13,0.0026,0.001592019411076427,0.644469895457261,3.1051843665252945,0.0024702773896783273,0.0005126972260451958,shift_dec
GW200208_130117,10.0,5000,5000,1,0.0002,0.01369997209825423,106.84455029185061,107.00923063356746,0.00012822340550671188,0.0001280260779106725,shift_dec
GW200219_094415,10.0,5000,5000,11,0.0022,0.019215899412973584,7.655148935334509,28.962053894505136,0.0025101927572273816,0.0006634853827345217,shift_dec
GW191230_180458,10.0,5000,5000,2,0.0004,0.0008238880768856476,1.4227231336255173,11.822058517050435,0.0005790923458073942,6.969074596419821e-05,shift_dec
GW200308_173609,10.0,20000,20000,71,0.00355,0.0009922588979417277,0.29777197748631556,0.29777197748631556,0.00333227762504055,0.00333227762504055,shift_dec
GW200220_061928,10.0,20000,20000,96,0.0048,0.006943187158075066,1.6113936945266558,3.1051843665252945,0.004308808692536565,0.0022359983622629474,shift_dec
GW200208_130117,10.0,20000,11255,2,0.00017769880053309641,0.01369997209825423,107.00923063356746,107.00923063356746,0.0001280260779106725,0.0001280260779106725,shift_dec
GW200219_094415,10.0,20000,20000,51,0.00255,0.0440192841445383,16.73584011084747,28.962053894505136,0.0026302404810862674,0.001519895111889489,shift_dec
GW191230_180458,10.0,20000,20000,8,0.0004,0.0018224115588792126,4.047754875819917,11.822058517050435,0.00045022774718048186,0.00015415348826524827,shift_dec
GW200308_173609,30.0,200,200,3,0.015,0.0002574640033359098,0.017171999996227677,0.29777197748631556,0.014993245014702374,0.0008646347635171339,shift_dec
GW200220_061928,30.0,200,200,7,0.035,0.005846169860997093,0.08551970071403917,3.1051843665252945,0.06836050421347381,0.001882712641484462,shift_dec
GW200208_130117,30.0,200,200,1,0.005,0.14102203303717975,22.894906536989634,107.00923063356746,0.006159537397950969,0.0013178492378856793,shift_dec
GW200219_094415,30.0,200,200,5,0.025,0.020915520608203262,0.867284692199999,28.962053894505136,0.024116095667672716,0.0007221697979151778,shift_dec
GW191230_180458,30.0,200,200,3,0.015,0.0018227578737296836,0.14215075165747582,11.822058517050435,0.012822710062918076,0.0001541827822202707,shift_dec
GW200308_173609,30.0,1000,1000,19,0.019,0.0010053812769568826,0.056446490024904435,0.29777197748631556,0.01781122752740346,0.0033763461741563175,shift_dec
GW200220_061928,30.0,1000,1000,28,0.028,0.009193721233548625,0.21543247199848725,3.1051843665252945,0.0426756521348053,0.0029607650137168542,shift_dec
GW200208_130117,30.0,1000,1000,5,0.005,0.403561964017587,65.11777519579688,107.00923063356746,0.006197416339918742,0.003771281800908441,shift_dec
GW200219_094415,30.0,1000,1000,32,0.032,0.07886331519342002,2.5809111163214116,28.962053894505136,0.030556385570466443,0.0027229876541450143,shift_dec
GW191230_180458,30.0,1000,1000,8,0.008,0.0035332974010490264,0.42152861407953995,11.822058517050435,0.008382105705360998,0.0002988732796367999,shift_dec
GW200308_173609,30.0,5000,5000,136,0.0272,0.0040282246888063335,0.1632609487257954,0.29777197748631556,0.024673534732252048,0.013527883727713953,shift_dec
GW200220_061928,30.0,5000,5000,118,0.0236,0.018596821331513573,0.644469895457261,3.1051843665252945,0.028855996940429392,0.005988958830268568,shift_dec
GW200208_130117,30.0,5000,5000,13,0.0026,0.5290914027733205,106.84455029185061,107.00923063356746,0.004951973697564208,0.004944352927693615,shift_dec
GW200219_094415,30.0,5000,5000,139,0.0278,0.21341945362955844,7.655148935334509,28.962053894505136,0.0278792033221536,0.00736893365390946,shift_dec
GW191230_180458,30.0,5000,5000,33,0.0066,0.009773612037097949,1.4227231336255173,11.822058517050435,0.006869651449465019,0.0008267267517752427,shift_dec
GW200308_173609,30.0,20000,20000,574,0.0287,0.009085481494579713,0.29777197748631556,0.29777197748631556,0.03051153963941166,0.03051153963941166,shift_dec
GW200220_061928,30.0,20000,20000,664,0.0332,0.05290687261047218,1.6113936945266558,3.1051843665252945,0.03283298972198938,0.017038238753493095,shift_dec
GW200208_130117,30.0,20000,11255,23,0.0020435362061306086,0.5293010062998225,107.00923063356746,107.00923063356746,0.00494631167018023,0.00494631167018023,shift_dec
GW200219_094415,30.0,20000,20000,526,0.0263,0.44101190604219226,16.73584011084747,28.962053894505136,0.026351345562649515,0.015227231730476954,shift_dec
GW191230_180458,30.0,20000,20000,146,0.0073,0.029575710768632395,4.047754875819917,11.822058517050435,0.007306695112717642,0.0025017395004412004,shift_dec
GW200308_173609,60.0,200,200,8,0.04,0.0006857040158854219,0.017171999996227677,0.29777197748631556,0.03993151735593154,0.0023027822217318423,shift_dec
GW200220_061928,60.0,200,200,20,0.1,0.010132109054750461,0.08551970071403917,3.1051843665252945,0.11847690029494157,0.0032629653697787693,shift_dec
GW200208_130117,60.0,200,200,1,0.005,0.14102203303717975,22.894906536989634,107.00923063356746,0.006159537397950969,0.0013178492378856793,shift_dec
GW200219_094415,60.0,200,200,26,0.13,0.11526058837034908,0.867284692199999,28.962053894505136,0.13289821601482799,0.003979710444231203,shift_dec
GW191230_180458,60.0,200,200,12,0.06,0.009499506377622913,0.14215075165747582,11.822058517050435,0.06682698661005165,0.0008035408016228471,shift_dec
GW200308_173609,60.0,1000,1000,65,0.065,0.0034265446306641196,0.056446490024904435,0.29777197748631556,0.06070429940200557,0.011507277009709854,shift_dec
GW200220_061928,60.0,1000,1000,110,0.11,0.024957566574578465,0.21543247199848725,3.1051843665252945,0.11584867565718558,0.00803738639277835,shift_dec
GW200208_130117,60.0,1000,1000,8,0.008,0.5536615570591887,65.11777519579688,107.00923063356746,0.008502464271766545,0.005173960730127071,shift_dec
GW200219_094415,60.0,1000,1000,106,0.106,0.2912362552505759,2.5809111163214116,28.962053894505136,0.11284241964352368,0.01005578735235456,shift_dec
GW191230_180458,60.0,1000,1000,27,0.027,0.014683423306563087,0.42152861407953995,11.822058517050435,0.0348337522439044,0.0012420360874872876,shift_dec
GW200308_173609,60.0,5000,5000,449,0.0898,0.013562709190790457,0.1632609487257954,0.29777197748631556,0.0830738109550599,0.04554729865879924,shift_dec
GW200220_061928,60.0,5000,5000,449,0.0898,0.060725546062176367,0.644469895457261,3.1051843665252945,0.09422557436773783,0.019556180533695115,shift_dec
GW200208_130117,60.0,5000,5000,34,0.0068,0.8335215335147388,106.84455029185061,107.00923063356746,0.007801254544456763,0.007789248914133147,shift_dec
GW200219_094415,60.0,5000,5000,456,0.0912,0.7368195515204422,7.655148935334509,28.962053894505136,0.0962514978800011,0.02544085976099355,shift_dec
GW191230_180458,60.0,5000,5000,140,0.028,0.04268971541848881,1.4227231336255173,11.822058517050435,0.030005638067965374,0.003611022171554921,shift_dec
GW200308_173609,60.0,20000,20000,1883,0.09415,0.03006852192259068,0.29777197748631556,0.29777197748631556,0.10097834650667392,0.10097834650667392,shift_dec
GW200220_061928,60.0,20000,20000,2239,0.11195,0.1732044916080969,1.6113936945266558,3.1051843665252945,0.10748738324868239,0.055779132947881276,shift_dec
GW200208_130117,60.0,20000,11255,62,0.005508662816525988,0.8346990267115848,107.00923063356746,107.00923063356746,0.007800252574190082,0.007800252574190082,shift_dec
GW200219_094415,60.0,20000,20000,1899,0.09495,1.5938423260020744,16.73584011084747,28.962053894505136,0.09523527444367808,0.055032088946718946,shift_dec
GW191230_180458,60.0,20000,20000,575,0.02875,0.11863602783320054,4.047754875819917,11.822058517050435,0.02930909392312683,0.01003514131334209,shift_dec
